{"cameraMode":{"drawMode":0,"name":"Shaded","section":"Shading Mode"},"sceneLighting":true,"audioPlay":false,"sceneViewState":{"showFog":true,"showMaterialUpdate":false,"showSkybox":true,"showFlares":true,"showImageEffects":true,"showParticleSystems":true},"in2DMode":false,"pivot":{"x":8.519645690917969,"y":-1.1776790618896485,"z":-21.22695541381836},"rotation":{"x":0.22087080776691438,"y":-0.7270002961158752,"z":0.27190303802490237,"w":0.5905552506446838},"size":33.376869201660159,"orthographic":false}