{"cameraMode":{"drawMode":0,"name":"Shaded","section":"Shading Mode"},"sceneLighting":true,"audioPlay":false,"sceneViewState":{"showFog":true,"showMaterialUpdate":false,"showSkybox":true,"showFlares":true,"showImageEffects":true,"showParticleSystems":true},"in2DMode":false,"pivot":{"x":-3.463050365447998,"y":-20.554195404052736,"z":-68.01725769042969},"rotation":{"x":0.03686739131808281,"y":-0.9592455625534058,"z":0.2371845692396164,"w":0.14910514652729035},"size":88.0680160522461,"orthographic":false}